,Portfolio Manager Meter ID,Meter Name,Meter Type,
0,31548254,EL1,Electric - Grid,
1,31548254,EL1,Electric - Grid,
2,31548254,EL1,Electric - Grid,
3,31548254,EL1,Electric - Grid,
4,31548254,EL1,Electric - Grid,
5,31548254,EL1,Electric - Grid,
6,31548254,EL1,Electric - Grid,
7,31548254,EL1,Electric - Grid,
8,31548254,EL1,Electric - Grid,
9,31548254,EL1,Electric - Grid,
10,31548254,EL1,Electric - Grid,
11,31548254,EL1,Electric - Grid,
12,31548254,EL1,Electric - Grid,
13,31548254,EL1,Electric - Grid,
14,31548254,EL1,Electric - Grid,
15,31548254,EL1,Electric - Grid,
16,31548254,EL1,Electric - Grid,
17,31548254,EL1,Electric - Grid,
18,31548254,EL1,Electric - Grid,
19,31548254,EL1,Electric - Grid,
20,31548254,EL1,Electric - Grid,
21,31548254,EL1,Electric - Grid,
22,31548254,EL1,Electric - Grid,
23,31548254,EL1,Electric - Grid,
24,31548254,EL1,Electric - Grid,
25,31548254,EL1,Electric - Grid,
26,31548254,EL1,Electric - Grid,
27,31548254,EL1,Electric - Grid,
28,31548254,EL1,Electric - Grid,
29,31548254,EL1,Electric - Grid,
30,31548254,EL1,Electric - Grid,
31,31548254,EL1,Electric - Grid,
32,31548254,EL1,Electric - Grid,
33,31548254,EL1,Electric - Grid,
34,31548254,EL1,Electric - Grid,
35,31548254,EL1,Electric - Grid,
36,31548254,EL1,Electric - Grid,
37,31548254,EL1,Electric - Grid,
38,31548254,EL1,Electric - Grid,
39,31548254,EL1,Electric - Grid,
40,31548254,EL1,Electric - Grid,
41,31548254,EL1,Electric - Grid,
42,31548254,EL1,Electric - Grid,
43,31548254,EL1,Electric - Grid,
44,31548254,EL1,Electric - Grid,
45,31548254,EL1,Electric - Grid,
46,31548254,EL1,Electric - Grid,
47,31548254,EL1,Electric - Grid,
48,31548254,EL1,Electric - Grid,
49,31548254,EL1,Electric - Grid,
50,31548254,EL1,Electric - Grid,
51,31548254,EL1,Electric - Grid,
52,31548254,EL1,Electric - Grid,
53,31548254,EL1,Electric - Grid,
54,31548254,EL1,Electric - Grid,
55,31548254,EL1,Electric - Grid,
56,31548254,EL1,Electric - Grid,
57,31548254,EL1,Electric - Grid,
58,31548254,EL1,Electric - Grid,
59,31548254,EL1,Electric - Grid,
60,31548254,EL1,Electric - Grid,
61,31548254,EL1,Electric - Grid,
62,31548254,EL1,Electric - Grid,
63,31548254,EL1,Electric - Grid,
64,31548254,EL1,Electric - Grid,
65,31548254,EL1,Electric - Grid,
66,31548254,EL1,Electric - Grid,
67,31548254,EL1,Electric - Grid,
68,31548254,EL1,Electric - Grid,
69,31548254,EL1,Electric - Grid,
70,31548254,EL1,Electric - Grid,
71,31548254,EL1,Electric - Grid,
72,31548254,EL1,Electric - Grid,
73,31548254,EL1,Electric - Grid,
74,31548254,EL1,Electric - Grid,
75,31548254,EL1,Electric - Grid,
76,31548254,EL1,Electric - Grid,
77,31548254,EL1,Electric - Grid,
78,31548254,EL1,Electric - Grid,
79,31548254,EL1,Electric - Grid,
80,31548254,EL1,Electric - Grid,
81,31548254,EL1,Electric - Grid,
82,31548254,EL1,Electric - Grid,
83,31548254,EL1,Electric - Grid,
84,31548254,EL1,Electric - Grid,
85,31548254,EL1,Electric - Grid,
86,31548254,EL1,Electric - Grid,
87,31548254,EL1,Electric - Grid,
88,31548254,EL1,Electric - Grid,
89,31548254,EL1,Electric - Grid,
90,31548254,EL1,Electric - Grid,
91,31548254,EL1,Electric - Grid,
92,31548254,EL1,Electric - Grid,
93,31548254,EL1,Electric - Grid,
94,31548254,EL1,Electric - Grid,
95,31548254,EL1,Electric - Grid,
96,31548254,EL1,Electric - Grid,
97,31548254,EL1,Electric - Grid,
98,31548254,EL1,Electric - Grid,
99,31548254,EL1,Electric - Grid,
100,31548254,EL1,Electric - Grid,
101,31548254,EL1,Electric - Grid,
102,31548254,EL1,Electric - Grid,
103,31548254,EL1,Electric - Grid,
104,31548254,EL1,Electric - Grid,
105,31548254,EL1,Electric - Grid,
106,31548254,EL1,Electric - Grid,
107,31548254,EL1,Electric - Grid,
108,31548254,EL1,Electric - Grid,
109,31548254,EL1,Electric - Grid,
110,31548254,EL1,Electric - Grid,
111,31548254,EL1,Electric - Grid,
112,31548254,EL1,Electric - Grid,
113,31548254,EL1,Electric - Grid,
114,31548254,EL1,Electric - Grid,
115,31548254,EL1,Electric - Grid,
116,31548254,EL1,Electric - Grid,
117,31548254,EL1,Electric - Grid,
118,31548254,EL1,Electric - Grid,
119,31548254,EL1,Electric - Grid,
120,31548254,EL1,Electric - Grid,
121,31548254,EL1,Electric - Grid,
122,31548254,EL1,Electric - Grid,
123,31548254,EL1,Electric - Grid,
124,31548254,EL1,Electric - Grid,
125,31548254,EL1,Electric - Grid,
126,31548254,EL1,Electric - Grid,
127,31548254,EL1,Electric - Grid,
128,31548254,EL1,Electric - Grid,
129,31548254,EL1,Electric - Grid,
130,31548254,EL1,Electric - Grid,
131,49324439,EL2,Electric - Grid,
132,49324439,EL2,Electric - Grid,
133,49324439,EL2,Electric - Grid,
134,49324439,EL2,Electric - Grid,
135,49324439,EL2,Electric - Grid,
136,49324439,EL2,Electric - Grid,
137,49324439,EL2,Electric - Grid,
138,49324439,EL2,Electric - Grid,
139,49324439,EL2,Electric - Grid,
140,49324439,EL2,Electric - Grid,
141,49324439,EL2,Electric - Grid,
142,49324439,EL2,Electric - Grid,
143,49324439,EL2,Electric - Grid,
144,49324439,EL2,Electric - Grid,
145,49324439,EL2,Electric - Grid,
146,49324439,EL2,Electric - Grid,
147,49324439,EL2,Electric - Grid,
148,49324439,EL2,Electric - Grid,
149,49324439,EL2,Electric - Grid,
150,49324439,EL2,Electric - Grid,
151,49324439,EL2,Electric - Grid,
152,49324439,EL2,Electric - Grid,
153,49324439,EL2,Electric - Grid,
154,49324439,EL2,Electric - Grid,
155,49324439,EL2,Electric - Grid,
156,49324439,EL2,Electric - Grid,
157,49324439,EL2,Electric - Grid,
158,49324439,EL2,Electric - Grid,
159,49324439,EL2,Electric - Grid,
160,49324439,EL2,Electric - Grid,
161,49324439,EL2,Electric - Grid,
162,49324439,EL2,Electric - Grid,
163,49324439,EL2,Electric - Grid,
164,49324439,EL2,Electric - Grid,
165,49324439,EL2,Electric - Grid,
166,49324439,EL2,Electric - Grid,
167,49324439,EL2,Electric - Grid,
168,49324439,EL2,Electric - Grid,
169,49324439,EL2,Electric - Grid,
170,49324439,EL2,Electric - Grid,
171,49324439,EL2,Electric - Grid,
172,49324439,EL2,Electric - Grid,
173,49327760,EL3,Electric - Grid,
174,49327760,EL3,Electric - Grid,
175,49327760,EL3,Electric - Grid,
176,49327760,EL3,Electric - Grid,
177,49327760,EL3,Electric - Grid,
178,49327760,EL3,Electric - Grid,
179,49327760,EL3,Electric - Grid,
180,49327760,EL3,Electric - Grid,
181,49327760,EL3,Electric - Grid,
182,49327760,EL3,Electric - Grid,
183,49327760,EL3,Electric - Grid,
184,49327760,EL3,Electric - Grid,
185,49327760,EL3,Electric - Grid,
186,49327760,EL3,Electric - Grid,
187,49327760,EL3,Electric - Grid,
188,49327760,EL3,Electric - Grid,
189,49327760,EL3,Electric - Grid,
190,49327760,EL3,Electric - Grid,
191,49327760,EL3,Electric - Grid,
192,49327760,EL3,Electric - Grid,
193,49327760,EL3,Electric - Grid,
194,49327760,EL3,Electric - Grid,
195,49327760,EL3,Electric - Grid,
196,49327760,EL3,Electric - Grid,
197,49327760,EL3,Electric - Grid,
198,49327760,EL3,Electric - Grid,
199,49327760,EL3,Electric - Grid,
200,49327760,EL3,Electric - Grid,
201,49327760,EL3,Electric - Grid,
202,49327760,EL3,Electric - Grid,
203,49327760,EL3,Electric - Grid,
204,49327760,EL3,Electric - Grid,
205,49327760,EL3,Electric - Grid,
206,49327760,EL3,Electric - Grid,
207,49327760,EL3,Electric - Grid,
208,49327760,EL3,Electric - Grid,
209,49327760,EL3,Electric - Grid,
210,49327760,EL3,Electric - Grid,
211,49327760,EL3,Electric - Grid,
212,49327760,EL3,Electric - Grid,
213,49327760,EL3,Electric - Grid,
214,49327760,EL3,Electric - Grid,
215,49327760,EL3,Electric - Grid,
216,49327760,EL3,Electric - Grid,
217,49327760,EL3,Electric - Grid,
218,49327760,EL3,Electric - Grid,
219,49327760,EL3,Electric - Grid,
220,49327760,EL3,Electric - Grid,
221,49324969,EL4,Electric - Grid,
222,49324969,EL4,Electric - Grid,
223,49324969,EL4,Electric - Grid,
224,49324969,EL4,Electric - Grid,
225,49324969,EL4,Electric - Grid,
226,49324969,EL4,Electric - Grid,
227,49324969,EL4,Electric - Grid,
228,49324969,EL4,Electric - Grid,
229,49324969,EL4,Electric - Grid,
230,49324969,EL4,Electric - Grid,
231,49324969,EL4,Electric - Grid,
232,49324969,EL4,Electric - Grid,
233,49324969,EL4,Electric - Grid,
234,49324969,EL4,Electric - Grid,
235,49324969,EL4,Electric - Grid,
236,49324969,EL4,Electric - Grid,
237,49324969,EL4,Electric - Grid,
238,49324969,EL4,Electric - Grid,
239,49324969,EL4,Electric - Grid,
240,49324969,EL4,Electric - Grid,
241,49324969,EL4,Electric - Grid,
242,49324969,EL4,Electric - Grid,
243,49324969,EL4,Electric - Grid,
244,49324969,EL4,Electric - Grid,
245,49324969,EL4,Electric - Grid,
246,49324969,EL4,Electric - Grid,
247,49324969,EL4,Electric - Grid,
248,49324969,EL4,Electric - Grid,
249,49324969,EL4,Electric - Grid,
250,49324969,EL4,Electric - Grid,
251,49324969,EL4,Electric - Grid,
252,49324969,EL4,Electric - Grid,
253,49324969,EL4,Electric - Grid,
254,49324969,EL4,Electric - Grid,
255,49324969,EL4,Electric - Grid,
256,49324969,EL4,Electric - Grid,
257,49324969,EL4,Electric - Grid,
258,49324969,EL4,Electric - Grid,
259,49324969,EL4,Electric - Grid,
260,49324969,EL4,Electric - Grid,
261,49324969,EL4,Electric - Grid,
262,49324969,EL4,Electric - Grid,
263,49324969,EL4,Electric - Grid,
264,49324969,EL4,Electric - Grid,
265,49324969,EL4,Electric - Grid,
266,49324969,EL4,Electric - Grid,
267,49324969,EL4,Electric - Grid,
268,49324969,EL4,Electric - Grid,
269,49324969,EL4,Electric - Grid,
270,49324969,EL4,Electric - Grid,
271,49325200,EL5,Electric - Grid,
272,49325200,EL5,Electric - Grid,
273,49325200,EL5,Electric - Grid,
274,49325200,EL5,Electric - Grid,
275,49325200,EL5,Electric - Grid,
276,49325200,EL5,Electric - Grid,
277,49325200,EL5,Electric - Grid,
278,49325200,EL5,Electric - Grid,
279,49325200,EL5,Electric - Grid,
280,49325200,EL5,Electric - Grid,
281,49325200,EL5,Electric - Grid,
282,49325200,EL5,Electric - Grid,
283,49325200,EL5,Electric - Grid,
284,49325200,EL5,Electric - Grid,
285,49325200,EL5,Electric - Grid,
286,49325200,EL5,Electric - Grid,
287,49325200,EL5,Electric - Grid,
288,49325200,EL5,Electric - Grid,
289,49325200,EL5,Electric - Grid,
290,49325200,EL5,Electric - Grid,
291,49325200,EL5,Electric - Grid,
292,49325200,EL5,Electric - Grid,
293,49325200,EL5,Electric - Grid,
294,49325200,EL5,Electric - Grid,
295,49325200,EL5,Electric - Grid,
296,49325200,EL5,Electric - Grid,
297,49325200,EL5,Electric - Grid,
298,49325200,EL5,Electric - Grid,
299,49325200,EL5,Electric - Grid,
300,49325200,EL5,Electric - Grid,
301,49325200,EL5,Electric - Grid,
302,49325200,EL5,Electric - Grid,
303,49325200,EL5,Electric - Grid,
304,49325200,EL5,Electric - Grid,
305,49325200,EL5,Electric - Grid,
306,49325200,EL5,Electric - Grid,
307,49325200,EL5,Electric - Grid,
308,49325200,EL5,Electric - Grid,
309,49325200,EL5,Electric - Grid,
310,49325200,EL5,Electric - Grid,
311,49325200,EL5,Electric - Grid,
312,49325200,EL5,Electric - Grid,
313,49325200,EL5,Electric - Grid,
314,49325200,EL5,Electric - Grid,
315,49325200,EL5,Electric - Grid,
316,49325200,EL5,Electric - Grid,
317,49325200,EL5,Electric - Grid,
318,49325200,EL5,Electric - Grid,
319,49325200,EL5,Electric - Grid,
320,49325200,EL5,Electric - Grid,
321,97503345,EL6,Electric - Grid,
322,97503345,EL6,Electric - Grid,
323,97503345,EL6,Electric - Grid,
324,97503345,EL6,Electric - Grid,
325,97503345,EL6,Electric - Grid,
326,97503345,EL6,Electric - Grid,
327,97503345,EL6,Electric - Grid,
328,97503345,EL6,Electric - Grid,
329,97503345,EL6,Electric - Grid,
330,97503345,EL6,Electric - Grid,
331,92050612,Estimated Co-Gen Electric,Other:,
332,92050612,Estimated Co-Gen Electric,Other:,
333,92050612,Estimated Co-Gen Electric,Other:,
334,92050612,Estimated Co-Gen Electric,Other:,
335,92050612,Estimated Co-Gen Electric,Other:,
336,92050612,Estimated Co-Gen Electric,Other:,
337,92050612,Estimated Co-Gen Electric,Other:,
338,92050612,Estimated Co-Gen Electric,Other:,
339,92050612,Estimated Co-Gen Electric,Other:,
340,92050612,Estimated Co-Gen Electric,Other:,
341,92050612,Estimated Co-Gen Electric,Other:,
342,92050612,Estimated Co-Gen Electric,Other:,
343,92050612,Estimated Co-Gen Electric,Other:,
344,92050612,Estimated Co-Gen Electric,Other:,
345,92050612,Estimated Co-Gen Electric,Other:,
346,49326153,Fuel Oil Deliveries,Fuel Oil (No. 2),
347,49326153,Fuel Oil Deliveries,Fuel Oil (No. 2),
348,49326153,Fuel Oil Deliveries,Fuel Oil (No. 2),
349,49326153,Fuel Oil Deliveries,Fuel Oil (No. 2),
350,49326153,Fuel Oil Deliveries,Fuel Oil (No. 2),
351,49326153,Fuel Oil Deliveries,Fuel Oil (No. 2),
352,49326153,Fuel Oil Deliveries,Fuel Oil (No. 2),
353,49326153,Fuel Oil Deliveries,Fuel Oil (No. 2),
354,49326153,Fuel Oil Deliveries,Fuel Oil (No. 2),
355,49326153,Fuel Oil Deliveries,Fuel Oil (No. 2),
356,49326153,Fuel Oil Deliveries,Fuel Oil (No. 2),
357,49326153,Fuel Oil Deliveries,Fuel Oil (No. 2),
358,49326153,Fuel Oil Deliveries,Fuel Oil (No. 2),
359,49326153,Fuel Oil Deliveries,Fuel Oil (No. 2),
360,49326153,Fuel Oil Deliveries,Fuel Oil (No. 2),
361,49326153,Fuel Oil Deliveries,Fuel Oil (No. 2),
362,49326153,Fuel Oil Deliveries,Fuel Oil (No. 2),
363,49326153,Fuel Oil Deliveries,Fuel Oil (No. 2),
364,49326153,Fuel Oil Deliveries,Fuel Oil (No. 2),
365,49326153,Fuel Oil Deliveries,Fuel Oil (No. 2),
366,49326153,Fuel Oil Deliveries,Fuel Oil (No. 2),
367,49326153,Fuel Oil Deliveries,Fuel Oil (No. 2),
368,49326153,Fuel Oil Deliveries,Fuel Oil (No. 2),
369,49326153,Fuel Oil Deliveries,Fuel Oil (No. 2),
370,49326153,Fuel Oil Deliveries,Fuel Oil (No. 2),
371,49326153,Fuel Oil Deliveries,Fuel Oil (No. 2),
372,49326153,Fuel Oil Deliveries,Fuel Oil (No. 2),
373,49326153,Fuel Oil Deliveries,Fuel Oil (No. 2),
374,49326153,Fuel Oil Deliveries,Fuel Oil (No. 2),
375,49326153,Fuel Oil Deliveries,Fuel Oil (No. 2),
376,49326153,Fuel Oil Deliveries,Fuel Oil (No. 2),
377,49326153,Fuel Oil Deliveries,Fuel Oil (No. 2),
378,49326153,Fuel Oil Deliveries,Fuel Oil (No. 2),
379,49326153,Fuel Oil Deliveries,Fuel Oil (No. 2),
380,49326153,Fuel Oil Deliveries,Fuel Oil (No. 2),
381,49326153,Fuel Oil Deliveries,Fuel Oil (No. 2),
382,49326153,Fuel Oil Deliveries,Fuel Oil (No. 2),
383,49326153,Fuel Oil Deliveries,Fuel Oil (No. 2),
384,49326153,Fuel Oil Deliveries,Fuel Oil (No. 2),
385,49326153,Fuel Oil Deliveries,Fuel Oil (No. 2),
386,49326153,Fuel Oil Deliveries,Fuel Oil (No. 2),
387,49326153,Fuel Oil Deliveries,Fuel Oil (No. 2),
388,31548250,NG1,Natural Gas,
389,31548250,NG1,Natural Gas,
390,31548250,NG1,Natural Gas,
391,31548250,NG1,Natural Gas,
392,31548250,NG1,Natural Gas,
393,31548250,NG1,Natural Gas,
394,31548250,NG1,Natural Gas,
395,31548250,NG1,Natural Gas,
396,31548250,NG1,Natural Gas,
397,31548250,NG1,Natural Gas,
398,31548250,NG1,Natural Gas,
399,31548250,NG1,Natural Gas,
400,31548250,NG1,Natural Gas,
401,31548250,NG1,Natural Gas,
402,31548250,NG1,Natural Gas,
403,31548250,NG1,Natural Gas,
404,31548250,NG1,Natural Gas,
405,31548250,NG1,Natural Gas,
406,31548250,NG1,Natural Gas,
407,31548250,NG1,Natural Gas,
408,31548250,NG1,Natural Gas,
409,31548250,NG1,Natural Gas,
410,31548250,NG1,Natural Gas,
411,31548250,NG1,Natural Gas,
412,31548250,NG1,Natural Gas,
413,31548250,NG1,Natural Gas,
414,31548250,NG1,Natural Gas,
415,31548250,NG1,Natural Gas,
416,31548250,NG1,Natural Gas,
417,31548250,NG1,Natural Gas,
418,31548250,NG1,Natural Gas,
419,31548250,NG1,Natural Gas,
420,31548250,NG1,Natural Gas,
421,31548250,NG1,Natural Gas,
422,31548250,NG1,Natural Gas,
423,31548250,NG1,Natural Gas,
424,31548250,NG1,Natural Gas,
425,31548250,NG1,Natural Gas,
426,31548250,NG1,Natural Gas,
427,31548250,NG1,Natural Gas,
428,31548250,NG1,Natural Gas,
429,31548250,NG1,Natural Gas,
430,31548250,NG1,Natural Gas,
431,31548250,NG1,Natural Gas,
432,31548250,NG1,Natural Gas,
433,31548250,NG1,Natural Gas,
434,31548250,NG1,Natural Gas,
435,31548250,NG1,Natural Gas,
436,31548250,NG1,Natural Gas,
437,31548250,NG1,Natural Gas,
438,31548250,NG1,Natural Gas,
439,31548250,NG1,Natural Gas,
440,31548250,NG1,Natural Gas,
441,31548250,NG1,Natural Gas,
442,31548250,NG1,Natural Gas,
443,31548250,NG1,Natural Gas,
444,31548250,NG1,Natural Gas,
445,31548250,NG1,Natural Gas,
446,31548250,NG1,Natural Gas,
447,31548250,NG1,Natural Gas,
448,31548250,NG1,Natural Gas,
449,31548250,NG1,Natural Gas,
450,31548250,NG1,Natural Gas,
451,31548250,NG1,Natural Gas,
452,31548250,NG1,Natural Gas,
453,31548250,NG1,Natural Gas,
454,31548250,NG1,Natural Gas,
455,31548250,NG1,Natural Gas,
456,31548250,NG1,Natural Gas,
457,31548250,NG1,Natural Gas,
458,31548250,NG1,Natural Gas,
459,31548250,NG1,Natural Gas,
460,31548250,NG1,Natural Gas,
461,31548250,NG1,Natural Gas,
462,31548250,NG1,Natural Gas,
463,31548250,NG1,Natural Gas,
464,31548250,NG1,Natural Gas,
465,31548250,NG1,Natural Gas,
466,31548250,NG1,Natural Gas,
467,31548250,NG1,Natural Gas,
468,31548250,NG1,Natural Gas,
469,31548250,NG1,Natural Gas,
470,31548250,NG1,Natural Gas,
471,31548250,NG1,Natural Gas,
472,31548250,NG1,Natural Gas,
473,31548250,NG1,Natural Gas,
474,31548250,NG1,Natural Gas,
475,31548250,NG1,Natural Gas,
476,31548250,NG1,Natural Gas,
477,31548250,NG1,Natural Gas,
478,31548250,NG1,Natural Gas,
479,31548250,NG1,Natural Gas,
480,31548250,NG1,Natural Gas,
481,31548250,NG1,Natural Gas,
482,31548250,NG1,Natural Gas,
483,31548250,NG1,Natural Gas,
484,31548250,NG1,Natural Gas,
485,31548250,NG1,Natural Gas,
486,31548250,NG1,Natural Gas,
487,31548250,NG1,Natural Gas,
488,31548250,NG1,Natural Gas,
489,31548250,NG1,Natural Gas,
490,31548250,NG1,Natural Gas,
491,31548250,NG1,Natural Gas,
492,31548250,NG1,Natural Gas,
493,31548250,NG1,Natural Gas,
494,31548250,NG1,Natural Gas,
495,31548250,NG1,Natural Gas,
496,31548250,NG1,Natural Gas,
497,31548250,NG1,Natural Gas,
498,31548250,NG1,Natural Gas,
499,31548250,NG1,Natural Gas,
500,31548250,NG1,Natural Gas,
501,31548250,NG1,Natural Gas,
502,31548250,NG1,Natural Gas,
503,31548250,NG1,Natural Gas,
504,31548250,NG1,Natural Gas,
505,31548250,NG1,Natural Gas,
506,31548250,NG1,Natural Gas,
507,31548250,NG1,Natural Gas,
508,31548250,NG1,Natural Gas,
509,31548250,NG1,Natural Gas,
510,31548250,NG1,Natural Gas,
511,31548250,NG1,Natural Gas,
512,31548250,NG1,Natural Gas,
513,31548250,NG1,Natural Gas,
514,49325021,NG10,Natural Gas,
515,49325021,NG10,Natural Gas,
516,49325021,NG10,Natural Gas,
517,49325021,NG10,Natural Gas,
518,49325021,NG10,Natural Gas,
519,49325021,NG10,Natural Gas,
520,49325021,NG10,Natural Gas,
521,49325021,NG10,Natural Gas,
522,49325021,NG10,Natural Gas,
523,49325021,NG10,Natural Gas,
524,49325021,NG10,Natural Gas,
525,49325021,NG10,Natural Gas,
526,49325021,NG10,Natural Gas,
527,49325021,NG10,Natural Gas,
528,49325021,NG10,Natural Gas,
529,49325021,NG10,Natural Gas,
530,49325021,NG10,Natural Gas,
531,49325021,NG10,Natural Gas,
532,49325021,NG10,Natural Gas,
533,49325021,NG10,Natural Gas,
534,49325021,NG10,Natural Gas,
535,49325021,NG10,Natural Gas,
536,49325021,NG10,Natural Gas,
537,49325021,NG10,Natural Gas,
538,49325021,NG10,Natural Gas,
539,49325021,NG10,Natural Gas,
540,49325021,NG10,Natural Gas,
541,49325021,NG10,Natural Gas,
542,49325021,NG10,Natural Gas,
543,49325021,NG10,Natural Gas,
544,49325021,NG10,Natural Gas,
545,49325021,NG10,Natural Gas,
546,49325021,NG10,Natural Gas,
547,49325021,NG10,Natural Gas,
548,49325021,NG10,Natural Gas,
549,49325021,NG10,Natural Gas,
550,49325021,NG10,Natural Gas,
551,49325021,NG10,Natural Gas,
552,49325021,NG10,Natural Gas,
553,49325021,NG10,Natural Gas,
554,49325021,NG10,Natural Gas,
555,49325021,NG10,Natural Gas,
556,49325021,NG10,Natural Gas,
557,49325021,NG10,Natural Gas,
558,49325021,NG10,Natural Gas,
559,49325117,NG11,Natural Gas,
560,49325117,NG11,Natural Gas,
561,49325117,NG11,Natural Gas,
562,49325117,NG11,Natural Gas,
563,49325117,NG11,Natural Gas,
564,49325117,NG11,Natural Gas,
565,49325117,NG11,Natural Gas,
566,49325117,NG11,Natural Gas,
567,49325117,NG11,Natural Gas,
568,49325117,NG11,Natural Gas,
569,49325117,NG11,Natural Gas,
570,49325117,NG11,Natural Gas,
571,49325117,NG11,Natural Gas,
572,49325117,NG11,Natural Gas,
573,49325117,NG11,Natural Gas,
574,49325117,NG11,Natural Gas,
575,49325117,NG11,Natural Gas,
576,49325117,NG11,Natural Gas,
577,49325117,NG11,Natural Gas,
578,49325117,NG11,Natural Gas,
579,49325117,NG11,Natural Gas,
580,49325117,NG11,Natural Gas,
581,49325117,NG11,Natural Gas,
582,49325117,NG11,Natural Gas,
583,49325117,NG11,Natural Gas,
584,49325117,NG11,Natural Gas,
585,49325117,NG11,Natural Gas,
586,49325117,NG11,Natural Gas,
587,49325117,NG11,Natural Gas,
588,49325117,NG11,Natural Gas,
589,49325117,NG11,Natural Gas,
590,49325117,NG11,Natural Gas,
591,49325117,NG11,Natural Gas,
592,49325117,NG11,Natural Gas,
593,49325117,NG11,Natural Gas,
594,49325117,NG11,Natural Gas,
595,49325117,NG11,Natural Gas,
596,49325117,NG11,Natural Gas,
597,49325117,NG11,Natural Gas,
598,49325117,NG11,Natural Gas,
599,49325117,NG11,Natural Gas,
600,49325117,NG11,Natural Gas,
601,49325117,NG11,Natural Gas,
602,49325117,NG11,Natural Gas,
603,49325117,NG11,Natural Gas,
604,49325117,NG11,Natural Gas,
605,49325117,NG11,Natural Gas,
606,49325117,NG11,Natural Gas,
607,49325377,NG12,Natural Gas,
608,49325377,NG12,Natural Gas,
609,49325377,NG12,Natural Gas,
610,49325377,NG12,Natural Gas,
611,49325377,NG12,Natural Gas,
612,49325377,NG12,Natural Gas,
613,49325377,NG12,Natural Gas,
614,49325377,NG12,Natural Gas,
615,49325377,NG12,Natural Gas,
616,49325377,NG12,Natural Gas,
617,49325377,NG12,Natural Gas,
618,49325377,NG12,Natural Gas,
619,49325377,NG12,Natural Gas,
620,49325377,NG12,Natural Gas,
621,49325377,NG12,Natural Gas,
622,49325377,NG12,Natural Gas,
623,49325377,NG12,Natural Gas,
624,49325377,NG12,Natural Gas,
625,49325377,NG12,Natural Gas,
626,49325377,NG12,Natural Gas,
627,49325377,NG12,Natural Gas,
628,49325377,NG12,Natural Gas,
629,49325377,NG12,Natural Gas,
630,49325377,NG12,Natural Gas,
631,49325377,NG12,Natural Gas,
632,49325377,NG12,Natural Gas,
633,49325377,NG12,Natural Gas,
634,49325377,NG12,Natural Gas,
635,49325377,NG12,Natural Gas,
636,49325377,NG12,Natural Gas,
637,49325377,NG12,Natural Gas,
638,49325377,NG12,Natural Gas,
639,49325377,NG12,Natural Gas,
640,49325377,NG12,Natural Gas,
641,49325377,NG12,Natural Gas,
642,49325377,NG12,Natural Gas,
643,49325377,NG12,Natural Gas,
644,49325377,NG12,Natural Gas,
645,49325377,NG12,Natural Gas,
646,49325377,NG12,Natural Gas,
647,49325377,NG12,Natural Gas,
648,49325377,NG12,Natural Gas,
649,49325377,NG12,Natural Gas,
650,49325377,NG12,Natural Gas,
651,49325377,NG12,Natural Gas,
652,49325377,NG12,Natural Gas,
653,49325377,NG12,Natural Gas,
654,49325377,NG12,Natural Gas,
655,49325377,NG12,Natural Gas,
656,49325377,NG12,Natural Gas,
657,49440466,NG13,Natural Gas,
658,49440466,NG13,Natural Gas,
659,49440466,NG13,Natural Gas,
660,49440466,NG13,Natural Gas,
661,49440466,NG13,Natural Gas,
662,49440466,NG13,Natural Gas,
663,49440466,NG13,Natural Gas,
664,49440466,NG13,Natural Gas,
665,49440466,NG13,Natural Gas,
666,49440466,NG13,Natural Gas,
667,49440466,NG13,Natural Gas,
668,49440466,NG13,Natural Gas,
669,49440466,NG13,Natural Gas,
670,49440466,NG13,Natural Gas,
671,49440466,NG13,Natural Gas,
672,49440466,NG13,Natural Gas,
673,49440466,NG13,Natural Gas,
674,49440466,NG13,Natural Gas,
675,49440466,NG13,Natural Gas,
676,49440466,NG13,Natural Gas,
677,49440466,NG13,Natural Gas,
678,49440466,NG13,Natural Gas,
679,49440466,NG13,Natural Gas,
680,49440466,NG13,Natural Gas,
681,49440466,NG13,Natural Gas,
682,49440466,NG13,Natural Gas,
683,49440466,NG13,Natural Gas,
684,49440466,NG13,Natural Gas,
685,49440466,NG13,Natural Gas,
686,49440466,NG13,Natural Gas,
687,49440466,NG13,Natural Gas,
688,49440466,NG13,Natural Gas,
689,49440466,NG13,Natural Gas,
690,49440466,NG13,Natural Gas,
691,49440466,NG13,Natural Gas,
692,49440466,NG13,Natural Gas,
693,49440466,NG13,Natural Gas,
694,49440466,NG13,Natural Gas,
695,49440466,NG13,Natural Gas,
696,49440466,NG13,Natural Gas,
697,49440466,NG13,Natural Gas,
698,49440466,NG13,Natural Gas,
699,49440466,NG13,Natural Gas,
700,49440466,NG13,Natural Gas,
701,49450360,NG14,Natural Gas,
702,49450360,NG14,Natural Gas,
703,49450360,NG14,Natural Gas,
704,49450360,NG14,Natural Gas,
705,49450360,NG14,Natural Gas,
706,49450360,NG14,Natural Gas,
707,49450360,NG14,Natural Gas,
708,49450360,NG14,Natural Gas,
709,49450360,NG14,Natural Gas,
710,49450360,NG14,Natural Gas,
711,49450360,NG14,Natural Gas,
712,49450360,NG14,Natural Gas,
713,49450360,NG14,Natural Gas,
714,49450360,NG14,Natural Gas,
715,49450360,NG14,Natural Gas,
716,49450360,NG14,Natural Gas,
717,49450360,NG14,Natural Gas,
718,49450360,NG14,Natural Gas,
719,49450360,NG14,Natural Gas,
720,49450360,NG14,Natural Gas,
721,49450360,NG14,Natural Gas,
722,49450360,NG14,Natural Gas,
723,49450360,NG14,Natural Gas,
724,49450360,NG14,Natural Gas,
725,49450360,NG14,Natural Gas,
726,49450360,NG14,Natural Gas,
727,49450360,NG14,Natural Gas,
728,49450360,NG14,Natural Gas,
729,49450360,NG14,Natural Gas,
730,49450360,NG14,Natural Gas,
731,49450360,NG14,Natural Gas,
732,49450360,NG14,Natural Gas,
733,49450360,NG14,Natural Gas,
734,49450360,NG14,Natural Gas,
735,49450360,NG14,Natural Gas,
736,49450360,NG14,Natural Gas,
737,49450360,NG14,Natural Gas,
738,49450360,NG14,Natural Gas,
739,49450360,NG14,Natural Gas,
740,49450360,NG14,Natural Gas,
741,49450360,NG14,Natural Gas,
742,49327857,NG15,Natural Gas,
743,49327857,NG15,Natural Gas,
744,49327857,NG15,Natural Gas,
745,49327857,NG15,Natural Gas,
746,49327857,NG15,Natural Gas,
747,49327857,NG15,Natural Gas,
748,49327857,NG15,Natural Gas,
749,49327857,NG15,Natural Gas,
750,49327857,NG15,Natural Gas,
751,49327857,NG15,Natural Gas,
752,49327857,NG15,Natural Gas,
753,49327857,NG15,Natural Gas,
754,49327857,NG15,Natural Gas,
755,49327857,NG15,Natural Gas,
756,49327857,NG15,Natural Gas,
757,49327857,NG15,Natural Gas,
758,49327857,NG15,Natural Gas,
759,49327857,NG15,Natural Gas,
760,49327857,NG15,Natural Gas,
761,49327857,NG15,Natural Gas,
762,49327857,NG15,Natural Gas,
763,49327857,NG15,Natural Gas,
764,49327857,NG15,Natural Gas,
765,49327857,NG15,Natural Gas,
766,49327857,NG15,Natural Gas,
767,49327857,NG15,Natural Gas,
768,49327857,NG15,Natural Gas,
769,49327857,NG15,Natural Gas,
770,49327857,NG15,Natural Gas,
771,49327857,NG15,Natural Gas,
772,49327857,NG15,Natural Gas,
773,49327857,NG15,Natural Gas,
774,49327857,NG15,Natural Gas,
775,49327857,NG15,Natural Gas,
776,49327857,NG15,Natural Gas,
777,49327857,NG15,Natural Gas,
778,49327857,NG15,Natural Gas,
779,49327857,NG15,Natural Gas,
780,49327857,NG15,Natural Gas,
781,49327857,NG15,Natural Gas,
782,49327857,NG15,Natural Gas,
783,31548252,NG16,Natural Gas,
784,31548252,NG16,Natural Gas,
785,31548252,NG16,Natural Gas,
786,31548252,NG16,Natural Gas,
787,31548252,NG16,Natural Gas,
788,31548252,NG16,Natural Gas,
789,31548252,NG16,Natural Gas,
790,31548252,NG16,Natural Gas,
791,31548252,NG16,Natural Gas,
792,31548252,NG16,Natural Gas,
793,31548252,NG16,Natural Gas,
794,31548252,NG16,Natural Gas,
795,31548252,NG16,Natural Gas,
796,31548252,NG16,Natural Gas,
797,31548252,NG16,Natural Gas,
798,31548252,NG16,Natural Gas,
799,31548252,NG16,Natural Gas,
800,31548252,NG16,Natural Gas,
801,31548252,NG16,Natural Gas,
802,31548252,NG16,Natural Gas,
803,31548252,NG16,Natural Gas,
804,31548252,NG16,Natural Gas,
805,31548252,NG16,Natural Gas,
806,31548252,NG16,Natural Gas,
807,31548252,NG16,Natural Gas,
808,31548252,NG16,Natural Gas,
809,31548252,NG16,Natural Gas,
810,31548252,NG16,Natural Gas,
811,31548252,NG16,Natural Gas,
812,31548252,NG16,Natural Gas,
813,31548252,NG16,Natural Gas,
814,31548252,NG16,Natural Gas,
815,31548252,NG16,Natural Gas,
816,31548252,NG16,Natural Gas,
817,31548252,NG16,Natural Gas,
818,31548252,NG16,Natural Gas,
819,31548252,NG16,Natural Gas,
820,31548252,NG16,Natural Gas,
821,31548252,NG16,Natural Gas,
822,31548252,NG16,Natural Gas,
823,31548252,NG16,Natural Gas,
824,31548252,NG16,Natural Gas,
825,31548252,NG16,Natural Gas,
826,31548252,NG16,Natural Gas,
827,31548252,NG16,Natural Gas,
828,31548252,NG16,Natural Gas,
829,31548252,NG16,Natural Gas,
830,31548252,NG16,Natural Gas,
831,31548252,NG16,Natural Gas,
832,31548252,NG16,Natural Gas,
833,31548252,NG16,Natural Gas,
834,31548252,NG16,Natural Gas,
835,31548252,NG16,Natural Gas,
836,31548252,NG16,Natural Gas,
837,31548252,NG16,Natural Gas,
838,31548252,NG16,Natural Gas,
839,31548252,NG16,Natural Gas,
840,31548252,NG16,Natural Gas,
841,31548252,NG16,Natural Gas,
842,31548252,NG16,Natural Gas,
843,31548249,NG2,Natural Gas,
844,31548249,NG2,Natural Gas,
845,31548249,NG2,Natural Gas,
846,31548249,NG2,Natural Gas,
847,31548249,NG2,Natural Gas,
848,31548249,NG2,Natural Gas,
849,31548249,NG2,Natural Gas,
850,31548249,NG2,Natural Gas,
851,31548249,NG2,Natural Gas,
852,31548249,NG2,Natural Gas,
853,31548249,NG2,Natural Gas,
854,31548249,NG2,Natural Gas,
855,31548249,NG2,Natural Gas,
856,31548249,NG2,Natural Gas,
857,31548249,NG2,Natural Gas,
858,31548249,NG2,Natural Gas,
859,31548249,NG2,Natural Gas,
860,31548249,NG2,Natural Gas,
861,31548249,NG2,Natural Gas,
862,31548249,NG2,Natural Gas,
863,31548249,NG2,Natural Gas,
864,31548249,NG2,Natural Gas,
865,31548249,NG2,Natural Gas,
866,31548249,NG2,Natural Gas,
867,31548249,NG2,Natural Gas,
868,31548249,NG2,Natural Gas,
869,31548249,NG2,Natural Gas,
870,31548249,NG2,Natural Gas,
871,31548249,NG2,Natural Gas,
872,31548249,NG2,Natural Gas,
873,31548249,NG2,Natural Gas,
874,31548249,NG2,Natural Gas,
875,31548249,NG2,Natural Gas,
876,31548249,NG2,Natural Gas,
877,31548249,NG2,Natural Gas,
878,31548249,NG2,Natural Gas,
879,31548249,NG2,Natural Gas,
880,31548249,NG2,Natural Gas,
881,31548249,NG2,Natural Gas,
882,31548249,NG2,Natural Gas,
883,31548249,NG2,Natural Gas,
884,31548249,NG2,Natural Gas,
885,31548249,NG2,Natural Gas,
886,31548249,NG2,Natural Gas,
887,31548249,NG2,Natural Gas,
888,31548249,NG2,Natural Gas,
889,31548249,NG2,Natural Gas,
890,31548249,NG2,Natural Gas,
891,31548249,NG2,Natural Gas,
892,31548249,NG2,Natural Gas,
893,31548249,NG2,Natural Gas,
894,31548249,NG2,Natural Gas,
895,31548249,NG2,Natural Gas,
896,31548249,NG2,Natural Gas,
897,31548249,NG2,Natural Gas,
898,31548249,NG2,Natural Gas,
899,31548249,NG2,Natural Gas,
900,31548249,NG2,Natural Gas,
901,31548249,NG2,Natural Gas,
902,31548249,NG2,Natural Gas,
903,31548249,NG2,Natural Gas,
904,31548249,NG2,Natural Gas,
905,31548249,NG2,Natural Gas,
906,31548249,NG2,Natural Gas,
907,31548249,NG2,Natural Gas,
908,31548249,NG2,Natural Gas,
909,31548249,NG2,Natural Gas,
910,31548249,NG2,Natural Gas,
911,31548249,NG2,Natural Gas,
912,31548249,NG2,Natural Gas,
913,31548249,NG2,Natural Gas,
914,31548249,NG2,Natural Gas,
915,31548249,NG2,Natural Gas,
916,31548249,NG2,Natural Gas,
917,31548249,NG2,Natural Gas,
918,31548249,NG2,Natural Gas,
919,31548249,NG2,Natural Gas,
920,31548249,NG2,Natural Gas,
921,31548249,NG2,Natural Gas,
922,31548249,NG2,Natural Gas,
923,31548249,NG2,Natural Gas,
924,31548249,NG2,Natural Gas,
925,31548249,NG2,Natural Gas,
926,31548249,NG2,Natural Gas,
927,31548249,NG2,Natural Gas,
928,31548249,NG2,Natural Gas,
929,31548249,NG2,Natural Gas,
930,31548249,NG2,Natural Gas,
931,31548249,NG2,Natural Gas,
932,31548249,NG2,Natural Gas,
933,31548249,NG2,Natural Gas,
934,31548249,NG2,Natural Gas,
935,31548249,NG2,Natural Gas,
936,31548249,NG2,Natural Gas,
937,31548249,NG2,Natural Gas,
938,31548249,NG2,Natural Gas,
939,31548249,NG2,Natural Gas,
940,31548249,NG2,Natural Gas,
941,31548249,NG2,Natural Gas,
942,31548249,NG2,Natural Gas,
943,31548249,NG2,Natural Gas,
944,31548249,NG2,Natural Gas,
945,31548249,NG2,Natural Gas,
946,31548249,NG2,Natural Gas,
947,31548249,NG2,Natural Gas,
948,31548249,NG2,Natural Gas,
949,31548249,NG2,Natural Gas,
950,31548249,NG2,Natural Gas,
951,31548249,NG2,Natural Gas,
952,31548249,NG2,Natural Gas,
953,31548249,NG2,Natural Gas,
954,31548249,NG2,Natural Gas,
955,31548249,NG2,Natural Gas,
956,31548249,NG2,Natural Gas,
957,31548249,NG2,Natural Gas,
958,31548249,NG2,Natural Gas,
959,31548249,NG2,Natural Gas,
960,31548249,NG2,Natural Gas,
961,31548249,NG2,Natural Gas,
962,31548249,NG2,Natural Gas,
963,31548249,NG2,Natural Gas,
964,31548249,NG2,Natural Gas,
965,31548249,NG2,Natural Gas,
966,31548249,NG2,Natural Gas,
967,31548249,NG2,Natural Gas,
968,31548249,NG2,Natural Gas,
969,31548249,NG2,Natural Gas,
970,31548249,NG2,Natural Gas,
971,31548249,NG2,Natural Gas,
972,31548251,NG3,Natural Gas,
973,31548251,NG3,Natural Gas,
974,31548251,NG3,Natural Gas,
975,31548251,NG3,Natural Gas,
976,31548251,NG3,Natural Gas,
977,31548251,NG3,Natural Gas,
978,31548251,NG3,Natural Gas,
979,31548251,NG3,Natural Gas,
980,31548251,NG3,Natural Gas,
981,31548251,NG3,Natural Gas,
982,31548251,NG3,Natural Gas,
983,31548251,NG3,Natural Gas,
984,31548251,NG3,Natural Gas,
985,31548251,NG3,Natural Gas,
986,31548251,NG3,Natural Gas,
987,31548251,NG3,Natural Gas,
988,31548251,NG3,Natural Gas,
989,31548251,NG3,Natural Gas,
990,31548251,NG3,Natural Gas,
991,31548251,NG3,Natural Gas,
992,31548251,NG3,Natural Gas,
993,31548251,NG3,Natural Gas,
994,31548251,NG3,Natural Gas,
995,31548251,NG3,Natural Gas,
996,31548251,NG3,Natural Gas,
997,31548251,NG3,Natural Gas,
998,31548251,NG3,Natural Gas,
999,31548251,NG3,Natural Gas,
1000,31548251,NG3,Natural Gas,
1001,31548251,NG3,Natural Gas,
1002,31548251,NG3,Natural Gas,
1003,31548251,NG3,Natural Gas,
1004,31548251,NG3,Natural Gas,
1005,31548251,NG3,Natural Gas,
1006,31548251,NG3,Natural Gas,
1007,31548251,NG3,Natural Gas,
1008,31548251,NG3,Natural Gas,
1009,31548251,NG3,Natural Gas,
1010,31548251,NG3,Natural Gas,
1011,31548251,NG3,Natural Gas,
1012,31548251,NG3,Natural Gas,
1013,31548251,NG3,Natural Gas,
1014,31548251,NG3,Natural Gas,
1015,31548251,NG3,Natural Gas,
1016,31548251,NG3,Natural Gas,
1017,31548251,NG3,Natural Gas,
1018,31548251,NG3,Natural Gas,
1019,31548251,NG3,Natural Gas,
1020,31548251,NG3,Natural Gas,
1021,31548251,NG3,Natural Gas,
1022,31548251,NG3,Natural Gas,
1023,31548251,NG3,Natural Gas,
1024,31548251,NG3,Natural Gas,
1025,31548251,NG3,Natural Gas,
1026,31548251,NG3,Natural Gas,
1027,31548251,NG3,Natural Gas,
1028,31548251,NG3,Natural Gas,
1029,31548251,NG3,Natural Gas,
1030,31548251,NG3,Natural Gas,
1031,31548251,NG3,Natural Gas,
1032,31548251,NG3,Natural Gas,
1033,31548251,NG3,Natural Gas,
1034,31548251,NG3,Natural Gas,
1035,31548251,NG3,Natural Gas,
1036,31548251,NG3,Natural Gas,
1037,31548251,NG3,Natural Gas,
1038,31548251,NG3,Natural Gas,
1039,31548251,NG3,Natural Gas,
1040,31548251,NG3,Natural Gas,
1041,31548251,NG3,Natural Gas,
1042,31548251,NG3,Natural Gas,
1043,31548251,NG3,Natural Gas,
1044,31548251,NG3,Natural Gas,
1045,31548251,NG3,Natural Gas,
1046,31548251,NG3,Natural Gas,
1047,31548251,NG3,Natural Gas,
1048,31548251,NG3,Natural Gas,
1049,31548251,NG3,Natural Gas,
1050,31548251,NG3,Natural Gas,
1051,31548251,NG3,Natural Gas,
1052,31548251,NG3,Natural Gas,
1053,31548251,NG3,Natural Gas,
1054,31548251,NG3,Natural Gas,
1055,31548251,NG3,Natural Gas,
1056,31548251,NG3,Natural Gas,
1057,31548251,NG3,Natural Gas,
1058,31548251,NG3,Natural Gas,
1059,31548251,NG3,Natural Gas,
1060,31548251,NG3,Natural Gas,
1061,31548251,NG3,Natural Gas,
1062,31548251,NG3,Natural Gas,
1063,31548251,NG3,Natural Gas,
1064,31548251,NG3,Natural Gas,
1065,31548251,NG3,Natural Gas,
1066,31548251,NG3,Natural Gas,
1067,31548251,NG3,Natural Gas,
1068,31548251,NG3,Natural Gas,
1069,31548251,NG3,Natural Gas,
1070,31548251,NG3,Natural Gas,
1071,31548251,NG3,Natural Gas,
1072,31548251,NG3,Natural Gas,
1073,31548251,NG3,Natural Gas,
1074,31548251,NG3,Natural Gas,
1075,31548251,NG3,Natural Gas,
1076,31548251,NG3,Natural Gas,
1077,31548251,NG3,Natural Gas,
1078,31548251,NG3,Natural Gas,
1079,31548251,NG3,Natural Gas,
1080,31548251,NG3,Natural Gas,
1081,31548251,NG3,Natural Gas,
1082,31548251,NG3,Natural Gas,
1083,31548251,NG3,Natural Gas,
1084,31548251,NG3,Natural Gas,
1085,31548251,NG3,Natural Gas,
1086,31548251,NG3,Natural Gas,
1087,31548251,NG3,Natural Gas,
1088,31548251,NG3,Natural Gas,
1089,31548251,NG3,Natural Gas,
1090,31548251,NG3,Natural Gas,
1091,31548251,NG3,Natural Gas,
1092,31548251,NG3,Natural Gas,
1093,31548251,NG3,Natural Gas,
1094,31548251,NG3,Natural Gas,
1095,49324175,NG4,Natural Gas,
1096,49324175,NG4,Natural Gas,
1097,49324175,NG4,Natural Gas,
1098,49324175,NG4,Natural Gas,
1099,49324175,NG4,Natural Gas,
1100,49324175,NG4,Natural Gas,
1101,49324175,NG4,Natural Gas,
1102,49324175,NG4,Natural Gas,
1103,49324175,NG4,Natural Gas,
1104,49324175,NG4,Natural Gas,
1105,49324175,NG4,Natural Gas,
1106,49324175,NG4,Natural Gas,
1107,49324175,NG4,Natural Gas,
1108,49324175,NG4,Natural Gas,
1109,49324175,NG4,Natural Gas,
1110,49324175,NG4,Natural Gas,
1111,49324175,NG4,Natural Gas,
1112,49324175,NG4,Natural Gas,
1113,49324175,NG4,Natural Gas,
1114,49324175,NG4,Natural Gas,
1115,49324175,NG4,Natural Gas,
1116,49324175,NG4,Natural Gas,
1117,49324175,NG4,Natural Gas,
1118,49324175,NG4,Natural Gas,
1119,49324175,NG4,Natural Gas,
1120,49324175,NG4,Natural Gas,
1121,49324175,NG4,Natural Gas,
1122,49324175,NG4,Natural Gas,
1123,49324175,NG4,Natural Gas,
1124,49324175,NG4,Natural Gas,
1125,49324175,NG4,Natural Gas,
1126,49324175,NG4,Natural Gas,
1127,49324175,NG4,Natural Gas,
1128,49324175,NG4,Natural Gas,
1129,49324175,NG4,Natural Gas,
1130,49324175,NG4,Natural Gas,
1131,49324175,NG4,Natural Gas,
1132,49324175,NG4,Natural Gas,
1133,49324175,NG4,Natural Gas,
1134,49324175,NG4,Natural Gas,
1135,49324175,NG4,Natural Gas,
1136,49324175,NG4,Natural Gas,
1137,49324175,NG4,Natural Gas,
1138,49324175,NG4,Natural Gas,
1139,49324175,NG4,Natural Gas,
1140,49324175,NG4,Natural Gas,
1141,49324175,NG4,Natural Gas,
1142,49324216,NG5,Natural Gas,
1143,49324216,NG5,Natural Gas,
1144,49324216,NG5,Natural Gas,
1145,49324216,NG5,Natural Gas,
1146,49324216,NG5,Natural Gas,
1147,49324216,NG5,Natural Gas,
1148,49324216,NG5,Natural Gas,
1149,49324216,NG5,Natural Gas,
1150,49324216,NG5,Natural Gas,
1151,49324216,NG5,Natural Gas,
1152,49324216,NG5,Natural Gas,
1153,49324216,NG5,Natural Gas,
1154,49324216,NG5,Natural Gas,
1155,49324216,NG5,Natural Gas,
1156,49324216,NG5,Natural Gas,
1157,49324216,NG5,Natural Gas,
1158,49324216,NG5,Natural Gas,
1159,49324216,NG5,Natural Gas,
1160,49324216,NG5,Natural Gas,
1161,49324216,NG5,Natural Gas,
1162,49324216,NG5,Natural Gas,
1163,49324216,NG5,Natural Gas,
1164,49324216,NG5,Natural Gas,
1165,49324216,NG5,Natural Gas,
1166,49324216,NG5,Natural Gas,
1167,49324216,NG5,Natural Gas,
1168,49324216,NG5,Natural Gas,
1169,49324216,NG5,Natural Gas,
1170,49324216,NG5,Natural Gas,
1171,49324216,NG5,Natural Gas,
1172,49324216,NG5,Natural Gas,
1173,49324216,NG5,Natural Gas,
1174,49324216,NG5,Natural Gas,
1175,49324216,NG5,Natural Gas,
1176,49324216,NG5,Natural Gas,
1177,49324216,NG5,Natural Gas,
1178,49324216,NG5,Natural Gas,
1179,49324216,NG5,Natural Gas,
1180,49324216,NG5,Natural Gas,
1181,49324216,NG5,Natural Gas,
1182,49324216,NG5,Natural Gas,
1183,49324216,NG5,Natural Gas,
1184,49324216,NG5,Natural Gas,
1185,49324216,NG5,Natural Gas,
1186,49324216,NG5,Natural Gas,
1187,49324216,NG5,Natural Gas,
1188,49324216,NG5,Natural Gas,
1189,49324216,NG5,Natural Gas,
1190,49324216,NG5,Natural Gas,
1191,49324348,NG6,Natural Gas,
1192,49324348,NG6,Natural Gas,
1193,49324348,NG6,Natural Gas,
1194,49324348,NG6,Natural Gas,
1195,49324348,NG6,Natural Gas,
1196,49324348,NG6,Natural Gas,
1197,49324348,NG6,Natural Gas,
1198,49324348,NG6,Natural Gas,
1199,49324348,NG6,Natural Gas,
1200,49324348,NG6,Natural Gas,
1201,49324348,NG6,Natural Gas,
1202,49324348,NG6,Natural Gas,
1203,49324348,NG6,Natural Gas,
1204,49324348,NG6,Natural Gas,
1205,49324348,NG6,Natural Gas,
1206,49324348,NG6,Natural Gas,
1207,49324348,NG6,Natural Gas,
1208,49324348,NG6,Natural Gas,
1209,49324348,NG6,Natural Gas,
1210,49324348,NG6,Natural Gas,
1211,49324348,NG6,Natural Gas,
1212,49324348,NG6,Natural Gas,
1213,49324348,NG6,Natural Gas,
1214,49324348,NG6,Natural Gas,
1215,49324348,NG6,Natural Gas,
1216,49324348,NG6,Natural Gas,
1217,49324348,NG6,Natural Gas,
1218,49324348,NG6,Natural Gas,
1219,49324348,NG6,Natural Gas,
1220,49324348,NG6,Natural Gas,
1221,49324348,NG6,Natural Gas,
1222,49324348,NG6,Natural Gas,
1223,49324348,NG6,Natural Gas,
1224,49324348,NG6,Natural Gas,
1225,49324348,NG6,Natural Gas,
1226,49324348,NG6,Natural Gas,
1227,49324348,NG6,Natural Gas,
1228,49324348,NG6,Natural Gas,
1229,49324348,NG6,Natural Gas,
1230,49324348,NG6,Natural Gas,
1231,49324348,NG6,Natural Gas,
1232,49324348,NG6,Natural Gas,
1233,49324348,NG6,Natural Gas,
1234,49324348,NG6,Natural Gas,
1235,49324348,NG6,Natural Gas,
1236,49324348,NG6,Natural Gas,
1237,49324348,NG6,Natural Gas,
1238,49324348,NG6,Natural Gas,
1239,49324348,NG6,Natural Gas,
1240,49324390,NG7,Natural Gas,
1241,49324390,NG7,Natural Gas,
1242,49324390,NG7,Natural Gas,
1243,49324390,NG7,Natural Gas,
1244,49324390,NG7,Natural Gas,
1245,49324390,NG7,Natural Gas,
1246,49324390,NG7,Natural Gas,
1247,49324390,NG7,Natural Gas,
1248,49324390,NG7,Natural Gas,
1249,49324390,NG7,Natural Gas,
1250,49324390,NG7,Natural Gas,
1251,49324390,NG7,Natural Gas,
1252,49324390,NG7,Natural Gas,
1253,49324390,NG7,Natural Gas,
1254,49324390,NG7,Natural Gas,
1255,49324390,NG7,Natural Gas,
1256,49324390,NG7,Natural Gas,
1257,49324390,NG7,Natural Gas,
1258,49324390,NG7,Natural Gas,
1259,49324390,NG7,Natural Gas,
1260,49324390,NG7,Natural Gas,
1261,49324390,NG7,Natural Gas,
1262,49324390,NG7,Natural Gas,
1263,49324390,NG7,Natural Gas,
1264,49324390,NG7,Natural Gas,
1265,49324390,NG7,Natural Gas,
1266,49324390,NG7,Natural Gas,
1267,49324390,NG7,Natural Gas,
1268,49324390,NG7,Natural Gas,
1269,49324390,NG7,Natural Gas,
1270,49324390,NG7,Natural Gas,
1271,49324390,NG7,Natural Gas,
1272,49324390,NG7,Natural Gas,
1273,49324390,NG7,Natural Gas,
1274,49324390,NG7,Natural Gas,
1275,49324390,NG7,Natural Gas,
1276,49324390,NG7,Natural Gas,
1277,49324390,NG7,Natural Gas,
1278,49324390,NG7,Natural Gas,
1279,49324390,NG7,Natural Gas,
1280,49324390,NG7,Natural Gas,
1281,49324390,NG7,Natural Gas,
1282,49324390,NG7,Natural Gas,
1283,49324390,NG7,Natural Gas,
1284,49324390,NG7,Natural Gas,
1285,49324390,NG7,Natural Gas,
1286,49324390,NG7,Natural Gas,
1287,49324390,NG7,Natural Gas,
1288,81413017,NG8,Natural Gas,
1289,81413017,NG8,Natural Gas,
1290,81413017,NG8,Natural Gas,
1291,81413017,NG8,Natural Gas,
1292,81413017,NG8,Natural Gas,
1293,81413017,NG8,Natural Gas,
1294,81413017,NG8,Natural Gas,
1295,81413017,NG8,Natural Gas,
1296,81413017,NG8,Natural Gas,
1297,81413017,NG8,Natural Gas,
1298,81413017,NG8,Natural Gas,
1299,81413017,NG8,Natural Gas,
1300,81413017,NG8,Natural Gas,
1301,81413017,NG8,Natural Gas,
1302,81413017,NG8,Natural Gas,
1303,81413017,NG8,Natural Gas,
1304,81413017,NG8,Natural Gas,
1305,81413017,NG8,Natural Gas,
1306,81413017,NG8,Natural Gas,
1307,81413017,NG8,Natural Gas,
1308,81413017,NG8,Natural Gas,
1309,81413017,NG8,Natural Gas,
1310,81413017,NG8,Natural Gas,
1311,81413017,NG8,Natural Gas,
1312,81413017,NG8,Natural Gas,
1313,81413017,NG8,Natural Gas,
1314,81413017,NG8,Natural Gas,
1315,81413017,NG8,Natural Gas,
1316,81413017,NG8,Natural Gas,
1317,81413017,NG8,Natural Gas,
1318,81413017,NG8,Natural Gas,
1319,81413017,NG8,Natural Gas,
1320,81413017,NG8,Natural Gas,
1321,81413017,NG8,Natural Gas,
1322,81413017,NG8,Natural Gas,
1323,81413017,NG8,Natural Gas,
1324,81413017,NG8,Natural Gas,
1325,81413017,NG8,Natural Gas,
1326,81413017,NG8,Natural Gas,
1327,81413017,NG8,Natural Gas,
1328,81413017,NG8,Natural Gas,
1329,81413017,NG8,Natural Gas,
1330,81413017,NG8,Natural Gas,
1331,81413017,NG8,Natural Gas,
1332,81413017,NG8,Natural Gas,
1333,81413017,NG8,Natural Gas,
1334,81413017,NG8,Natural Gas,
1335,81413017,NG8,Natural Gas,
1336,81413017,NG8,Natural Gas,
1337,81413017,NG8,Natural Gas,
1338,49324572,NG8 Error In Units,Electric - Grid,
1339,49324572,NG8 Error In Units,Electric - Grid,
1340,49324572,NG8 Error In Units,Electric - Grid,
1341,49324572,NG8 Error In Units,Electric - Grid,
1342,49324572,NG8 Error In Units,Electric - Grid,
1343,49324572,NG8 Error In Units,Electric - Grid,
1344,49324572,NG8 Error In Units,Electric - Grid,
1345,49324572,NG8 Error In Units,Electric - Grid,
1346,49324572,NG8 Error In Units,Electric - Grid,
1347,49324572,NG8 Error In Units,Electric - Grid,
1348,49324572,NG8 Error In Units,Electric - Grid,
1349,49324572,NG8 Error In Units,Electric - Grid,
1350,49324572,NG8 Error In Units,Electric - Grid,
1351,49324572,NG8 Error In Units,Electric - Grid,
1352,49324572,NG8 Error In Units,Electric - Grid,
1353,49324572,NG8 Error In Units,Electric - Grid,
1354,49324572,NG8 Error In Units,Electric - Grid,
1355,49324572,NG8 Error In Units,Electric - Grid,
1356,49324572,NG8 Error In Units,Electric - Grid,
1357,49324572,NG8 Error In Units,Electric - Grid,
1358,49324572,NG8 Error In Units,Electric - Grid,
1359,49324572,NG8 Error In Units,Electric - Grid,
1360,49324572,NG8 Error In Units,Electric - Grid,
1361,49324572,NG8 Error In Units,Electric - Grid,
1362,49324572,NG8 Error In Units,Electric - Grid,
1363,49324572,NG8 Error In Units,Electric - Grid,
1364,49324572,NG8 Error In Units,Electric - Grid,
1365,49324572,NG8 Error In Units,Electric - Grid,
1366,49324572,NG8 Error In Units,Electric - Grid,
1367,49324572,NG8 Error In Units,Electric - Grid,
1368,49324572,NG8 Error In Units,Electric - Grid,
1369,49324572,NG8 Error In Units,Electric - Grid,
1370,49324572,NG8 Error In Units,Electric - Grid,
1371,49324572,NG8 Error In Units,Electric - Grid,
1372,49324572,NG8 Error In Units,Electric - Grid,
1373,49324572,NG8 Error In Units,Electric - Grid,
1374,49324572,NG8 Error In Units,Electric - Grid,
1375,49324572,NG8 Error In Units,Electric - Grid,
1376,49324572,NG8 Error In Units,Electric - Grid,
1377,49324753,NG9,Natural Gas,
1378,49324753,NG9,Natural Gas,
1379,49324753,NG9,Natural Gas,
1380,49324753,NG9,Natural Gas,
1381,49324753,NG9,Natural Gas,
1382,49324753,NG9,Natural Gas,
1383,49324753,NG9,Natural Gas,
1384,49324753,NG9,Natural Gas,
1385,49324753,NG9,Natural Gas,
1386,49324753,NG9,Natural Gas,
1387,49324753,NG9,Natural Gas,
1388,49324753,NG9,Natural Gas,
1389,49324753,NG9,Natural Gas,
1390,49324753,NG9,Natural Gas,
1391,49324753,NG9,Natural Gas,
1392,49324753,NG9,Natural Gas,
1393,49324753,NG9,Natural Gas,
1394,49324753,NG9,Natural Gas,
1395,49324753,NG9,Natural Gas,
1396,49324753,NG9,Natural Gas,
1397,49324753,NG9,Natural Gas,
1398,49324753,NG9,Natural Gas,
1399,49324753,NG9,Natural Gas,
1400,49324753,NG9,Natural Gas,
1401,49324753,NG9,Natural Gas,
1402,49324753,NG9,Natural Gas,
1403,49324753,NG9,Natural Gas,
1404,49324753,NG9,Natural Gas,
1405,49324753,NG9,Natural Gas,
1406,49324753,NG9,Natural Gas,
1407,49324753,NG9,Natural Gas,
1408,49324753,NG9,Natural Gas,
1409,49324753,NG9,Natural Gas,
1410,49324753,NG9,Natural Gas,
1411,49324753,NG9,Natural Gas,
1412,49324753,NG9,Natural Gas,
1413,49324753,NG9,Natural Gas,
1414,49324753,NG9,Natural Gas,
1415,49324753,NG9,Natural Gas,
1416,49324753,NG9,Natural Gas,
1417,49324753,NG9,Natural Gas,
1418,49324753,NG9,Natural Gas,
1419,49324753,NG9,Natural Gas,
1420,49324753,NG9,Natural Gas,
1421,49324753,NG9,Natural Gas,
1422,49324753,NG9,Natural Gas,
1423,49324753,NG9,Natural Gas,
1424,49324753,NG9,Natural Gas,
1425,49324753,NG9,Natural Gas,